player_name,team,opponent,round,season,position,mins_played,tries,try_minutes,points,all_runs,all_run_metres,post_contact_metres,kick_return_metres,line_breaks,line_break_assists,try_assists,line_engaged_runs,tackle_breaks,hit_ups,play_the_ball,average_play_the_ball_speed,dummy_half_runs,dummy_half_run_metres,offloads,passes,receipts,passes_to_run_ratio,tackle_efficiency,tackles_made,missed_tackles,intercepts,kicks_defused,kicks,kicking_metres,forced_drop_outs,bomb_kicks,grubbers,errors,handling_errors,penalties,ruck_infringements,inside_10_metres,sin_bins,send_offs,stint_one,stint_two
Trai Fuller,Dolphins,Sharks,19,2026,Fullback,80:00,0,,0,23,205,49,92,0,0,0,0,10,0,0,3.38s,1,12,1,9,30,0.39,85.71,12,2,0,3,0,0,0,0,0,0,0,0,0,0,0,0,80:00,-
Jamayne Isaako,Dolphins,Sharks,19,2026,Winger,80:00,0,,0,16,166,47,11,1,0,0,0,4,0,0,3.01s,0,0,2,2,20,0.13,70.0,7,1,0,1,0,0,0,0,0,5,3,0,0,0,0,0,80:00,-
Jake Averillo,Dolphins,Sharks,19,2026,Centre,80:00,0,,0,8,54,13,0,0,1,0,0,0,0,0,3.95s,1,6,1,8,15,1.0,86.67,13,2,0,0,1,4,0,0,1,0,0,1,0,0,0,0,80:00,-
Herbie Farnworth,Dolphins,Sharks,19,2026,Centre,80:00,0,,0,11,118,37,0,0,0,0,0,2,1,0,4.12s,0,0,1,10,20,0.91,88.89,16,1,0,0,0,0,0,0,0,4,3,0,0,0,0,0,80:00,-
Tevita Naufahu,Dolphins,Sharks,19,2026,Winger,80:00,0,,0,19,186,58,20,0,0,0,0,10,2,0,3.1s,0,0,1,1,20,0.05,60.0,3,2,0,0,0,0,0,0,0,1,0,0,0,0,0,0,80:00,-
Kodi Nikorima,Dolphins,Sharks,19,2026,Five-Eighth,80:00,0,,0,5,34,7,0,0,0,0,0,0,0,0,4.08s,1,8,0,34,36,6.8,83.87,26,5,0,0,0,0,0,0,0,1,1,0,0,0,0,0,80:00,-
Bradley Schneider,Dolphins,Sharks,19,2026,Halfback,80:00,0,,0,4,29,8,0,0,0,0,0,0,1,0,2.76s,0,0,0,36,52,9.0,82.35,28,2,0,0,13,323,0,6,1,0,0,0,1,0,0,0,80:00,-
Felise Kaufusi,Dolphins,Sharks,19,2026,Interchange,25:00,0,,0,2,14,4,0,0,0,0,0,2,2,0,3.88s,0,0,0,0,3,,100.0,14,0,0,0,0,0,0,0,0,1,0,0,0,0,0,0,25:26,-
Jeremy Marshall-King,Dolphins,Sharks,19,2026,Hooker,67:00,0,,0,3,23,3,0,0,0,0,0,0,0,0,4.36s,3,23,0,72,74,24.0,88.64,39,3,0,0,0,0,0,0,0,0,0,0,2,0,0,0,58:33,08:08
Francis Molo,Dolphins,Sharks,19,2026,Prop,45:00,0,,0,8,68,17,16,1,0,0,0,0,7,0,3.27s,0,0,0,1,8,0.13,85.29,29,2,0,1,0,0,0,0,0,0,0,0,1,0,0,0,24:01,21:28
Connelly Lemuelu,Dolphins,Sharks,19,2026,2nd Row,80:00,0,,0,5,31,11,0,0,0,0,0,0,5,0,3.75s,0,0,0,1,6,0.2,92.86,39,2,0,0,0,0,0,0,0,1,0,0,0,0,0,0,80:00,-
Kulikefu Finefeuiaki,Dolphins,Sharks,19,2026,2nd Row,80:00,0,,0,8,61,21,0,0,0,0,0,0,8,0,3.89s,0,0,0,0,9,,92.86,52,1,0,0,0,0,0,0,0,1,1,1,0,0,0,0,80:00,-
Morgan Knowles,Dolphins,Sharks,19,2026,Lock,50:00,0,,0,6,55,17,0,0,0,0,0,0,5,0,2.55s,0,0,0,9,15,1.5,78.95,30,6,0,0,0,0,0,0,0,1,0,1,1,0,0,0,29:12,21:27
Kurt Donoghoe,Dolphins,Sharks,19,2026,Interchange,48:00,0,,0,5,39,9,0,0,0,0,0,1,4,0,2.45s,0,0,0,19,23,3.8,86.05,37,3,0,0,0,0,0,0,0,0,0,0,0,0,0,0,47:51,-
Tom Gilbert,Dolphins,Sharks,19,2026,Interchange,39:00,0,,0,8,67,26,0,0,0,0,0,0,8,0,3.76s,0,0,0,0,8,,86.67,26,3,0,0,0,0,0,0,0,0,0,0,0,0,0,0,38:11,-
Sebastian Su'a,Dolphins,Sharks,19,2026,Reserve,-,0,,0,0,0,0,0,0,0,0,0,0,0,0,-,0,0,0,0,0,,,0,0,0,0,0,0,0,0,0,0,0,0,0,0,0,0,-,-
Brian Pouniu,Dolphins,Sharks,19,2026,Reserve,-,0,,0,0,0,0,0,0,0,0,0,0,0,0,-,0,0,0,0,0,,,0,0,0,0,0,0,0,0,0,0,0,0,0,0,0,0,-,-
Max Plath,Dolphins,Sharks,19,2026,Interchange,17:00,0,,0,4,39,13,0,0,0,0,0,3,4,0,3.45s,0,0,0,0,4,,90.0,9,0,0,0,0,0,0,0,0,0,0,0,0,0,0,0,17:13,-
Thomas Flegler,Dolphins,Sharks,19,2026,Prop,28:00,0,,0,5,34,11,8,0,0,0,0,1,4,0,3.16s,0,0,0,0,5,,96.0,24,1,0,0,0,0,0,0,0,1,1,1,2,0,0,0,20:21,08:09
William Kennedy,Sharks,Dolphins,19,2026,Fullback,80:00,0,,0,18,160,39,37,1,1,2,0,3,0,0,3.42s,0,0,0,16,33,0.89,75.0,9,2,0,2,1,12,0,0,1,0,0,1,1,0,0,0,80:00,-
Sione Katoa,Sharks,Dolphins,19,2026,Winger,80:00,2,26;61,8,21,209,59,9,2,0,0,0,8,0,0,3.94s,0,0,0,0,24,,,0,1,0,1,0,0,0,0,0,3,0,0,0,0,0,0,80:00,-
Jesse Ramien,Sharks,Dolphins,19,2026,Centre,80:00,2,51;78,8,19,174,49,0,2,1,1,0,6,1,0,3.56s,1,6,1,6,24,0.32,60.0,12,5,1,0,0,0,0,0,0,2,1,0,0,0,0,0,80:00,-
KL Iro,Sharks,Dolphins,19,2026,Centre,80:00,2,22;48,8,15,136,50,0,1,0,0,0,0,0,0,3.79s,1,12,0,1,16,0.07,73.33,11,3,0,0,0,0,0,0,0,0,0,0,0,0,0,0,80:00,-
Ronaldo Mulitalo,Sharks,Dolphins,19,2026,Winger,80:00,1,31,4,18,158,57,8,1,0,1,0,1,0,0,3.27s,0,0,1,4,22,0.22,60.0,6,2,0,2,0,0,0,0,0,1,1,0,0,0,0,0,80:00,-
Braydon Trindall,Sharks,Dolphins,19,2026,Five-Eighth,80:00,0,,0,9,48,0,0,0,1,3,0,1,0,0,4.44s,0,0,1,35,57,3.89,100.0,11,0,0,1,17,523,0,5,3,0,0,0,0,0,0,0,80:00,-
Nicho Hynes,Sharks,Dolphins,19,2026,Halfback,80:00,2,57;73,30,10,83,11,0,1,3,3,0,3,0,0,3.91s,0,0,2,28,40,2.8,77.27,17,3,0,1,4,140,0,1,0,0,0,1,1,0,0,0,80:00,-
Thomas Hazelton,Sharks,Dolphins,19,2026,Prop,49:00,1,70,4,17,155,64,6,1,1,0,0,2,16,0,3.89s,0,0,1,2,19,0.12,88.46,23,2,0,0,0,0,0,0,0,0,0,0,1,0,0,0,31:46,16:57
Jayden Berrell,Sharks,Dolphins,19,2026,Reserve,-,0,,0,0,0,0,0,0,0,0,0,0,0,0,-,0,0,0,0,0,,,0,0,0,0,0,0,0,0,0,0,0,0,0,0,0,0,-,-
Billy Burns,Sharks,Dolphins,19,2026,2nd Row,80:00,0,,0,8,62,28,0,0,0,0,0,0,7,0,4.14s,0,0,0,4,11,0.5,85.71,36,6,0,0,0,0,0,0,0,0,0,1,0,0,0,0,80:00,-
Teig Wilton,Sharks,Dolphins,19,2026,2nd Row,72:00,0,,0,11,95,38,0,0,0,0,0,1,11,0,3.74s,0,0,0,2,12,0.18,88.46,23,3,0,0,0,0,0,0,0,0,0,1,0,0,0,0,71:50,-
Cameron McInnes,Sharks,Dolphins,19,2026,Lock,57:00,0,,0,13,121,42,0,1,0,0,0,0,12,0,2.78s,0,0,0,12,24,0.92,89.47,34,2,0,0,0,0,0,0,0,0,0,0,1,0,0,0,46:38,10:22
Hohepa Puru,Sharks,Dolphins,19,2026,Interchange,33:00,0,,0,5,53,7,0,0,0,0,0,1,5,0,3.01s,0,0,0,34,38,6.8,100.0,7,0,0,0,0,0,0,0,0,0,0,0,0,0,0,0,33:00,-
Siosifa Talakai,Sharks,Dolphins,19,2026,Interchange,31:00,0,,0,6,68,22,30,0,0,0,0,1,4,0,3.11s,0,0,0,1,8,0.17,78.57,11,2,0,0,0,0,0,0,0,0,0,0,0,0,0,0,23:34,08:10
Oregon Kaufusi,Sharks,Dolphins,19,2026,Prop,49:00,1,16,4,16,134,58,15,1,0,0,0,3,15,0,2.9s,0,0,4,0,16,,100.0,19,0,0,0,0,0,0,0,0,0,0,0,0,0,0,0,25:23,24:31
Tuku Hau Tapuha,Sharks,Dolphins,19,2026,Interchange,14:00,0,,0,6,60,26,28,0,0,0,0,1,4,0,3.45s,0,0,0,0,6,,100.0,6,0,0,0,0,0,0,0,0,0,0,0,0,0,0,0,14:18,-
Mawene Hiroti,Sharks,Dolphins,19,2026,Reserve,-,0,,0,0,0,0,0,0,0,0,0,0,0,0,-,0,0,0,0,0,,,0,0,0,0,0,0,0,0,0,0,0,0,0,0,0,0,-,-
Blayke Brailey,Sharks,Dolphins,19,2026,Hooker,63:00,0,,0,6,72,11,0,0,1,1,0,3,0,0,3.83s,6,72,0,116,118,19.33,100.0,33,0,0,0,0,0,0,0,0,0,0,1,0,0,0,0,63:03,-
Addin Fonua-Blake,Sharks,Dolphins,19,2026,Interchange,31:00,0,,0,12,131,64,18,0,0,0,0,2,10,0,2.94s,0,0,2,4,15,0.33,83.33,10,2,0,0,0,0,0,0,0,0,0,1,0,0,0,0,30:06,-
Daniel Tupou,Roosters,Eels,19,2026,Winger,74:00,3,50;66;72,12,19,204,68,62,1,0,0,0,1,0,0,3.54s,0,0,0,5,26,0.26,100.0,1,0,0,0,0,0,0,0,0,1,1,0,0,0,0,0,73:52,-
Billy Smith,Roosters,Eels,19,2026,Centre,80:00,1,60,4,15,120,40,0,0,1,1,0,3,0,0,3.39s,0,0,2,11,26,0.73,86.67,13,0,0,1,0,0,0,0,0,1,1,0,0,0,0,0,80:00,-
Robert Toia,Roosters,Eels,19,2026,Centre,80:00,1,15,4,8,79,36,0,1,0,0,0,5,1,0,3.64s,1,4,1,6,13,0.75,90.91,10,1,0,0,0,0,0,0,0,1,1,0,0,0,0,0,80:00,-
Mark Nawaqanitawase,Roosters,Eels,19,2026,Winger,80:00,0,,0,11,93,51,7,0,1,1,0,3,0,0,4.76s,0,0,3,3,15,0.27,100.0,4,0,1,3,0,0,0,0,0,1,1,0,0,0,0,0,80:00,-
Daly Cherry-Evans,Roosters,Eels,19,2026,Five-Eighth,80:00,0,,0,10,36,0,0,0,0,0,0,0,0,0,-,0,0,0,39,52,3.9,96.67,29,0,0,0,13,371,2,5,0,0,0,1,0,0,0,0,80:00,-
Hugo Savala,Roosters,Eels,19,2026,Halfback,80:00,0,,8,16,88,21,0,0,1,1,0,0,0,0,4.26s,0,0,0,43,55,2.69,81.82,18,2,0,0,5,113,1,1,0,2,2,0,0,1,0,0,80:00,-
Naufahu Whyte,Roosters,Eels,19,2026,Prop,58:00,0,,0,19,187,90,28,0,0,0,0,6,16,0,3.93s,0,0,1,6,24,0.32,87.5,21,2,0,0,0,0,0,0,0,0,0,0,1,0,0,0,32:18,25:55
Connor Watson,Roosters,Eels,19,2026,Hooker,54:00,0,,0,9,82,45,0,0,0,0,0,5,7,0,3.78s,2,14,0,59,68,6.56,86.67,26,2,0,0,0,0,0,0,0,2,2,0,0,0,0,0,54:07,-
Spencer Leniu,Roosters,Eels,19,2026,Prop,47:00,0,,0,18,153,77,36,0,0,0,0,6,13,0,3.72s,0,0,2,3,20,0.17,85.71,18,0,0,0,0,0,0,0,0,0,0,0,0,0,0,0,27:18,19:53
Salesi Foketi,Roosters,Eels,19,2026,2nd Row,58:00,0,,0,11,82,41,0,0,0,0,0,1,11,0,3.34s,0,0,1,1,12,0.09,90.48,19,2,0,0,0,0,0,0,0,0,0,0,0,0,0,0,32:17,25:53
Siua Wong,Roosters,Eels,19,2026,2nd Row,80:00,0,,0,20,156,81,0,0,0,0,0,2,18,0,3s,0,0,0,2,23,0.1,84.38,27,3,0,0,1,18,1,0,1,1,1,0,0,1,0,0,80:00,-
Victor Radley,Roosters,Eels,19,2026,Lock,80:00,0,,0,23,157,45,0,0,0,0,0,2,12,0,3.08s,0,0,0,28,41,1.22,72.5,29,6,1,1,0,0,0,0,0,0,0,1,1,0,0,0,80:00,-
Benaiah Ioelu,Roosters,Eels,19,2026,Interchange,48:00,0,,0,2,20,5,0,0,0,1,0,1,0,0,3.86s,2,20,0,71,76,35.5,82.61,19,3,0,0,2,60,0,0,1,1,1,0,0,0,0,0,48:00,-
Taylor Losalu,Roosters,Eels,19,2026,Interchange,22:00,0,,0,7,66,30,9,0,0,0,0,1,6,0,3.5s,0,0,0,0,7,,100.0,9,0,0,0,0,0,0,0,0,1,1,1,0,0,0,0,21:47,-
Egan Butcher,Roosters,Eels,19,2026,Interchange,33:00,0,,0,11,92,35,0,0,0,0,0,1,10,0,3.29s,0,0,0,2,13,0.18,90.0,18,2,0,0,0,0,0,0,0,0,0,1,1,0,0,0,32:49,-
De La Salle Va'a,Roosters,Eels,19,2026,Reserve,-,0,,0,0,0,0,0,0,0,0,0,0,0,0,-,0,0,0,0,0,,,0,0,0,0,0,0,0,0,0,0,0,0,0,0,0,0,-,-
Rex Bassingthwaighte,Roosters,Eels,19,2026,Interchange,06:00,0,,0,1,5,2,0,0,0,0,0,0,0,0,4.2s,0,0,0,0,2,,,0,0,0,0,0,0,0,0,0,1,1,0,0,0,0,0,06:00,-
Tommy Talau,Roosters,Eels,19,2026,Reserve,-,0,,0,0,0,0,0,0,0,0,0,0,0,0,-,0,0,0,0,0,,,0,0,0,0,0,0,0,0,0,0,0,0,0,0,0,0,-,-
Cody Ramsey,Roosters,Eels,19,2026,Fullback,80:00,0,,0,15,166,41,57,2,0,1,0,3,0,0,3.46s,1,7,0,9,21,0.6,80.0,4,1,0,0,0,0,0,0,0,0,0,0,0,0,0,0,80:00,-
Isaiah Iongi,Eels,Roosters,19,2026,Fullback,80:00,0,,0,19,117,43,19,0,1,1,0,3,0,0,3.79s,0,0,1,5,27,0.26,80.0,4,0,0,4,0,0,0,0,0,1,1,0,0,0,0,0,80:00,-
Brian Kelly,Eels,Roosters,19,2026,Winger,80:00,0,,0,13,88,41,0,0,0,0,0,0,0,0,3.95s,0,0,0,1,15,0.08,83.33,10,2,0,1,0,0,0,0,0,3,3,0,0,0,0,0,80:00,-
Jordan Samrani,Eels,Roosters,19,2026,Centre,80:00,0,,0,15,108,35,0,0,0,0,0,2,2,0,3.16s,1,5,4,3,16,0.2,86.36,19,2,0,0,0,0,0,0,0,1,1,1,0,0,0,0,80:00,-
Araz Nanva,Eels,Roosters,19,2026,Centre,80:00,1,79,4,11,105,41,0,1,0,0,0,3,1,0,3.12s,0,0,0,2,15,0.18,79.17,19,4,0,0,0,0,0,0,0,2,1,0,0,0,0,0,80:00,-
Josh Addo-Carr,Eels,Roosters,19,2026,Winger,80:00,0,,0,9,64,27,18,0,0,0,0,4,0,0,3.5s,1,6,0,0,14,,60.0,6,2,0,2,0,0,0,0,0,2,1,0,1,0,0,0,80:00,-
Ronald Volkman,Eels,Roosters,19,2026,Five-Eighth,17:00,0,,0,2,11,0,0,0,0,0,0,0,0,0,-,0,0,0,7,7,3.5,75.0,6,1,0,0,0,0,0,0,0,0,0,0,0,1,0,0,17:00,-
Sam Tuivaiti,Eels,Roosters,19,2026,Prop,33:00,0,,0,4,31,10,9,0,0,0,0,0,3,0,2.86s,0,0,0,0,5,,96.77,30,1,0,0,0,0,0,0,0,1,1,1,1,0,0,0,20:18,13:16
Tallyn Da Silva,Eels,Roosters,19,2026,Hooker,74:00,0,,0,1,9,3,0,0,0,0,0,0,0,0,-,1,9,0,87,90,87.0,90.74,49,4,0,0,1,29,0,0,0,1,1,0,2,0,0,0,55:48,17:50
Jack Williams,Eels,Roosters,19,2026,Prop,80:00,0,,0,11,107,37,0,1,0,1,0,6,11,0,2.98s,0,0,1,2,12,0.18,92.73,51,3,0,0,0,0,0,0,0,0,0,0,0,0,0,0,80:00,-
Kelma Tuilagi,Eels,Roosters,19,2026,2nd Row,62:00,0,,0,9,67,30,0,0,0,0,0,1,8,0,3.59s,1,4,0,0,9,,87.8,36,4,0,0,0,0,0,0,0,0,0,0,0,0,0,0,62:10,-
Kitione Kautoga,Eels,Roosters,19,2026,2nd Row,80:00,0,,0,12,88,44,0,0,0,0,0,0,12,0,3.51s,0,0,0,0,13,,88.64,39,4,0,0,0,0,0,0,0,1,1,1,0,0,0,0,80:00,-
Jack De Belin,Eels,Roosters,19,2026,Lock,23:00,0,,0,5,44,15,0,0,0,0,0,1,5,0,2.61s,0,0,0,7,12,1.4,88.89,16,2,1,0,0,0,0,0,0,1,1,0,0,0,0,0,17:25,06:06
Dylan Walker,Eels,Roosters,19,2026,Interchange,57:00,0,,0,11,84,18,0,0,1,0,0,1,5,0,3.6s,0,0,1,20,26,1.82,83.33,25,5,0,0,1,25,0,1,0,2,1,0,1,0,0,0,56:29,-
Toni Mataele,Eels,Roosters,19,2026,Reserve,-,0,,0,0,0,0,0,0,0,0,0,0,0,0,-,0,0,0,0,0,,,0,0,0,0,0,0,0,0,0,0,0,0,0,0,0,0,-,-
Teancum Brown,Eels,Roosters,19,2026,Interchange,47:00,0,,0,12,112,53,26,0,1,0,0,1,10,0,2.96s,0,0,1,2,16,0.17,90.63,29,2,0,0,0,0,0,0,0,2,2,1,0,0,0,0,35:41,10:45
Harrison Edwards,Eels,Roosters,19,2026,Interchange,24:00,0,,0,5,48,22,0,0,0,0,0,1,4,0,4s,0,0,0,12,16,2.4,88.24,15,1,0,0,0,0,0,0,0,0,0,0,0,0,0,0,24:00,-
Joash Papalii,Eels,Roosters,19,2026,Interchange,63:00,1,41,4,9,88,3,0,1,0,0,0,1,3,0,3.7s,0,0,0,40,45,4.44,88.24,15,1,0,0,2,32,1,0,1,1,1,0,0,0,0,0,63:00,-
Charlie Guymer,Eels,Roosters,19,2026,Reserve,-,0,,0,0,0,0,0,0,0,0,0,0,0,0,-,0,0,0,0,0,,,0,0,0,0,0,0,0,0,0,0,0,0,0,0,0,0,-,-
Jonah Pezet,Eels,Roosters,19,2026,Halfback,80:00,0,,4,12,52,5,0,0,0,0,0,0,0,0,3.56s,0,0,1,32,43,2.67,88.46,23,2,0,0,9,343,0,1,0,0,0,0,0,0,0,0,80:00,-
Connor Tracey,Bulldogs,Raiders,19,2026,Fullback,80:00,1,79,4,15,116,32,26,0,0,0,0,5,0,0,3.95s,0,0,2,13,27,0.87,100.0,3,0,0,2,0,0,0,0,0,1,1,2,0,0,0,0,80:00,-
Jacob Kiraz,Bulldogs,Raiders,19,2026,Winger,80:00,0,,0,12,117,43,0,0,0,0,0,4,1,0,3.81s,0,0,1,3,15,0.25,77.78,7,1,0,0,0,0,0,0,0,1,1,2,0,0,0,0,80:00,-
Matt Burton,Bulldogs,Raiders,19,2026,Centre,80:00,1,70,8,6,53,19,0,0,1,0,0,0,0,0,3.29s,0,0,0,7,12,1.17,88.89,8,1,0,0,0,0,0,0,0,1,0,0,0,0,0,0,80:00,-
Jethro Rinakama,Bulldogs,Raiders,19,2026,Winger,80:00,1,43,4,20,183,63,9,1,0,0,0,3,0,0,4.03s,0,0,0,2,27,0.1,66.67,2,1,0,1,0,0,0,0,0,5,5,0,0,0,0,0,80:00,-
Stephen Crichton,Bulldogs,Raiders,19,2026,Five-Eighth,63:00,0,,0,1,15,8,0,0,0,1,0,0,0,0,2.08s,0,0,0,16,23,16.0,100.0,13,0,0,0,5,135,0,2,1,0,0,0,0,0,0,0,63:04,-
Lachlan Galvin,Bulldogs,Raiders,19,2026,Halfback,80:00,0,,0,10,81,21,0,0,0,0,0,2,1,0,4.06s,0,0,0,43,57,4.3,90.63,29,2,0,0,6,124,0,3,1,0,1,1,0,0,0,0,80:00,-
Max King,Bulldogs,Raiders,19,2026,Prop,59:00,0,,0,13,98,41,5,0,1,0,0,0,11,0,3.99s,0,0,1,2,15,0.15,89.19,33,2,0,1,0,0,0,0,0,1,1,0,0,0,0,0,34:25,24:41
Bailey Hayward,Bulldogs,Raiders,19,2026,Interchange,60:00,0,,0,1,12,6,0,0,0,0,0,0,0,0,4s,1,12,0,68,71,68.0,93.94,31,2,0,0,1,41,0,0,0,0,0,0,0,1,0,0,60:00,-
Leo Thompson,Bulldogs,Raiders,19,2026,Prop,55:00,0,,0,10,74,30,15,0,0,0,0,0,8,0,3.88s,0,0,1,3,14,0.3,82.61,38,4,0,0,0,0,0,0,0,0,0,0,0,0,0,0,55:19,-
Josh Curran,Bulldogs,Raiders,19,2026,2nd Row,49:00,0,,0,6,49,23,0,0,0,0,0,0,6,0,3.62s,0,0,0,2,9,0.33,85.29,29,1,0,0,0,0,0,0,0,2,1,0,0,0,0,0,49:00,-
Jaeman Salmon,Bulldogs,Raiders,19,2026,2nd Row,80:00,0,,0,15,137,50,0,1,0,1,0,1,13,0,3.51s,0,0,1,2,19,0.13,87.04,47,5,0,0,1,14,0,0,0,2,1,0,0,1,0,0,80:00,-
Harry Hayes,Bulldogs,Raiders,19,2026,Lock,51:00,0,,0,6,52,24,0,0,0,0,0,0,6,0,3.94s,0,0,1,2,9,0.33,84.62,33,3,0,0,0,0,0,0,0,1,1,1,0,0,0,0,19:56,31:00
Kurt Mann,Bulldogs,Raiders,19,2026,Hooker,43:00,0,,0,5,74,18,0,1,0,0,0,3,4,0,3.23s,0,0,0,33,36,6.6,85.71,18,2,0,0,0,0,0,0,0,0,0,0,1,0,0,0,20:05,22:38
Alekolasimi Jones,Bulldogs,Raiders,19,2026,Reserve,-,0,,0,0,0,0,0,0,0,0,0,0,0,0,-,0,0,0,0,0,,,0,0,0,0,0,0,0,0,0,0,0,0,0,0,0,0,-,-
Jack Underhill,Bulldogs,Raiders,19,2026,Interchange,23:00,0,,0,3,25,15,0,0,0,0,0,1,3,0,3.15s,0,0,0,0,3,,78.95,15,2,0,0,0,0,0,0,0,0,0,0,0,0,0,0,22:57,-
Lipoi Hopoi,Bulldogs,Raiders,19,2026,Reserve,-,0,,0,0,0,0,0,0,0,0,0,0,0,0,-,0,0,0,0,0,,,0,0,0,0,0,0,0,0,0,0,0,0,0,0,0,0,-,-
Bronson Xerri,Bulldogs,Raiders,19,2026,Centre,80:00,0,,0,7,67,17,0,0,0,0,0,3,1,0,4.17s,0,0,0,3,8,0.43,86.67,13,2,0,0,1,10,0,0,1,0,0,0,0,0,0,0,80:00,-
Sean O'Sullivan,Bulldogs,Raiders,19,2026,Interchange,17:00,0,,0,6,50,12,0,0,2,0,0,0,0,0,4.39s,1,13,0,10,13,1.67,100.0,6,0,0,0,0,0,0,0,0,0,0,0,0,0,0,0,17:00,-
Jacob Preston,Bulldogs,Raiders,19,2026,Interchange,60:00,0,,0,11,91,39,0,1,0,1,0,2,10,0,3.32s,0,0,0,4,14,0.36,94.44,17,0,0,0,0,0,0,0,0,0,0,0,0,0,0,0,60:00,-
Kaeo Weekes,Raiders,Bulldogs,19,2026,Fullback,80:00,0,,0,8,94,28,38,0,0,0,0,1,0,0,4.04s,0,0,0,12,20,1.5,66.67,2,1,0,0,0,0,0,0,0,0,0,0,0,0,0,0,80:00,-
Simi Sasagi,Raiders,Bulldogs,19,2026,Centre,80:00,1,64,4,12,116,48,0,0,0,0,0,0,1,0,3.45s,0,0,0,4,16,0.33,82.35,14,2,0,0,1,21,1,0,1,0,0,0,0,0,0,0,80:00,-
Matthew Timoko,Raiders,Bulldogs,19,2026,Centre,80:00,0,,0,20,191,77,0,1,0,0,0,4,2,0,2.92s,0,0,2,2,21,0.1,100.0,6,0,0,0,0,0,0,0,0,1,0,1,0,0,0,0,80:00,-
Xavier Savage,Raiders,Bulldogs,19,2026,Winger,80:00,1,8,4,9,172,25,6,0,0,0,0,1,0,0,3.57s,0,0,0,2,13,0.22,100.0,5,0,0,1,1,0,0,0,1,1,1,0,0,0,0,0,80:00,-
Ethan Strange,Raiders,Bulldogs,19,2026,Interchange,33:00,0,,0,3,27,10,0,0,0,0,0,4,0,0,3.88s,1,10,0,12,14,4.0,63.64,7,1,0,0,0,0,0,0,0,0,0,0,0,0,0,0,33:00,-
Ethan Sanders,Raiders,Bulldogs,19,2026,Halfback,80:00,0,,16,4,36,18,0,0,1,3,0,0,0,0,4.76s,0,0,0,31,53,7.75,78.95,15,4,0,0,18,495,1,3,2,0,0,0,0,0,0,0,80:00,-
Corey Horsburgh,Raiders,Bulldogs,19,2026,Prop,60:00,0,,0,13,91,38,0,0,0,0,0,3,13,0,3.4s,0,0,1,13,26,1.0,90.0,36,2,0,0,0,0,0,0,0,2,2,1,0,0,0,0,46:29,14:03
Owen Pattie,Raiders,Bulldogs,19,2026,Hooker,61:00,0,,0,7,55,18,0,0,0,1,0,1,1,0,4.23s,5,34,1,86,91,12.29,91.67,33,2,0,0,2,89,0,0,0,0,0,0,1,0,0,0,60:36,-
Joseph Tapine,Raiders,Bulldogs,19,2026,Prop,49:00,0,,0,15,130,58,9,0,0,0,0,2,14,0,3.08s,0,0,1,5,20,0.33,90.63,29,1,0,1,0,0,0,0,0,0,0,0,0,0,0,0,24:28,24:50
Hudson Young,Raiders,Bulldogs,19,2026,Interchange,56:00,0,,0,13,101,46,9,0,0,0,0,0,11,0,4.09s,0,0,0,4,18,0.31,77.27,17,4,0,0,0,0,0,0,0,1,1,0,0,0,0,0,56:00,-
Noah Martin,Raiders,Bulldogs,19,2026,2nd Row,80:00,1,16,4,9,68,23,0,1,0,0,0,1,8,0,3.73s,0,0,0,1,11,0.11,94.44,34,1,0,0,0,0,0,0,0,1,1,0,1,0,0,0,80:00,-
Zac Hosking,Raiders,Bulldogs,19,2026,Lock,66:00,3,21;51;53,12,19,124,41,0,1,0,0,0,2,18,0,3.51s,0,0,3,4,24,0.21,90.32,28,1,0,0,0,0,0,0,0,0,0,0,1,0,0,0,65:57,-
Tom Starling,Raiders,Bulldogs,19,2026,Interchange,19:00,0,,0,1,7,0,0,0,0,0,0,0,0,0,2.44s,1,7,0,23,24,23.0,90.0,9,1,0,0,0,0,0,0,0,0,0,0,0,0,0,0,19:00,-
Ata Mariota,Raiders,Bulldogs,19,2026,2nd Row,39:00,0,,0,12,118,46,36,0,0,0,0,2,9,0,3.02s,0,0,2,0,12,,92.0,23,2,0,0,0,0,0,0,0,0,0,1,2,0,0,0,27:21,12:11
Josh Papalii,Raiders,Bulldogs,19,2026,Interchange,28:00,0,,0,7,72,30,29,0,0,0,0,0,5,0,3.68s,0,0,1,0,7,,92.86,13,1,0,0,0,0,0,0,0,0,0,0,0,0,0,0,27:49,-
Daine Laurie,Raiders,Bulldogs,19,2026,Five-Eighth,68:00,0,,0,10,81,23,0,0,1,0,0,4,0,0,3.03s,0,0,2,31,42,3.1,92.0,23,1,0,0,1,1,0,0,1,0,0,0,1,0,0,0,67:49,-
Morgan Smithies,Raiders,Bulldogs,19,2026,Reserve,-,0,,0,0,0,0,0,0,0,0,0,0,0,0,-,0,0,0,0,0,,,0,0,0,0,0,0,0,0,0,0,0,0,0,0,0,0,-,-
Coby Black,Raiders,Bulldogs,19,2026,Reserve,-,0,,0,0,0,0,0,0,0,0,0,0,0,0,-,0,0,0,0,0,,,0,0,0,0,0,0,0,0,0,0,0,0,0,0,0,0,-,-
Jed Stuart,Raiders,Bulldogs,19,2026,Winger,80:00,0,,0,10,70,29,4,0,0,0,0,3,1,0,3.54s,0,0,0,3,15,0.3,100.0,4,0,0,1,0,0,0,0,0,4,3,0,0,0,0,0,80:00,-
Matthew Dufty,Rabbitohs,Knights,19,2026,Fullback,80:00,0,,0,23,215,71,54,1,4,3,0,3,0,0,3.61s,0,0,0,13,34,0.57,100.0,1,0,0,0,0,0,0,0,0,0,0,1,0,0,0,0,80:00,-
Dayne Jennings,Rabbitohs,Knights,19,2026,Winger,16:00,0,,0,1,8,6,0,0,0,0,0,0,0,0,2.76s,1,8,0,0,1,,50.0,1,1,0,0,0,0,0,0,0,0,0,0,0,0,0,0,16:00,-
Tallis Duncan,Rabbitohs,Knights,19,2026,Centre,80:00,1,39,4,16,152,35,0,2,1,1,0,9,0,0,3.85s,0,0,1,4,17,0.25,54.55,12,5,0,2,0,0,0,0,0,2,1,0,0,0,0,0,80:00,-
Jack Wighton,Rabbitohs,Knights,19,2026,Centre,80:00,0,,0,16,125,42,0,0,0,0,0,0,0,0,3.97s,0,0,0,4,20,0.25,91.3,21,2,0,1,0,0,0,0,0,0,0,1,0,0,0,0,80:00,-
Campbell Graham,Rabbitohs,Knights,19,2026,Winger,80:00,1,9,4,16,167,62,0,1,1,0,0,3,1,0,3.97s,0,0,1,5,26,0.31,88.89,8,0,0,2,0,0,0,0,0,4,3,0,0,0,0,0,80:00,-
Jayden Sullivan,Rabbitohs,Knights,19,2026,Five-Eighth,51:00,0,,0,4,34,11,0,0,0,0,0,0,0,0,4.09s,0,0,0,29,38,7.25,78.95,15,3,0,0,4,75,0,0,1,0,0,0,0,0,0,0,31:06,39:59
Ashton Ward,Rabbitohs,Knights,19,2026,Halfback,80:00,0,,2,3,21,6,0,0,1,1,0,2,0,0,4.86s,1,5,1,60,81,20.0,65.0,13,4,0,0,18,529,0,6,2,2,0,0,0,0,0,0,80:00,-
Tevita Tatola,Rabbitohs,Knights,19,2026,Prop,53:00,1,17,4,16,141,53,12,1,0,0,0,2,15,0,3.64s,0,0,0,0,16,,90.0,27,0,0,0,0,0,0,0,0,0,0,0,0,0,0,0,26:45,25:45
Brandon Smith,Rabbitohs,Knights,19,2026,Hooker,66:00,0,,0,7,69,23,0,0,0,0,0,0,2,0,2.74s,4,51,0,79,85,11.29,65.0,26,13,0,0,0,0,0,0,0,0,0,1,0,0,0,0,22:50,23:09
Keaon Koloamatangi,Rabbitohs,Knights,19,2026,Prop,80:00,0,,0,22,214,88,36,0,0,0,0,4,18,0,3.14s,0,0,2,7,28,0.32,89.74,35,3,0,0,0,0,0,0,0,0,0,0,0,0,0,0,80:00,-
David Fifita,Rabbitohs,Knights,19,2026,2nd Row,80:00,1,28,4,17,174,77,0,1,0,0,0,11,17,0,3.35s,0,0,1,1,18,0.06,75.0,24,7,0,0,0,0,0,0,0,0,0,3,0,0,0,0,80:00,-
Euan Aitken,Rabbitohs,Knights,19,2026,2nd Row,14:00,0,,0,1,6,1,0,0,0,0,0,0,1,0,3.28s,0,0,0,0,1,,100.0,2,0,0,0,0,0,0,0,0,0,0,0,0,0,0,0,13:47,-
Cameron Murray,Rabbitohs,Knights,19,2026,Lock,80:00,0,,0,5,51,19,0,0,0,0,0,2,5,0,4.1s,0,0,0,5,11,1.0,88.89,32,1,0,0,1,13,1,0,1,0,0,2,0,0,0,0,80:00,-
Lachlan Hubner,Rabbitohs,Knights,19,2026,Interchange,44:00,0,,0,12,94,38,0,0,0,0,0,0,12,0,3.92s,0,0,0,8,21,0.67,79.41,27,4,0,0,0,0,0,0,0,0,0,1,0,0,0,0,35:59,08:09
Jamie Humphreys,Rabbitohs,Knights,19,2026,Interchange,47:00,0,,4,5,33,15,0,0,0,0,0,1,2,0,3.68s,1,2,0,32,37,6.4,80.0,12,2,0,0,1,27,0,1,0,0,0,0,0,0,0,0,17:11,30:14
John Radel,Rabbitohs,Knights,19,2026,Reserve,-,0,,0,0,0,0,0,0,0,0,0,0,0,0,-,0,0,0,0,0,,,0,0,0,0,0,0,0,0,0,0,0,0,0,0,0,0,-,-
Liam Le Blanc,Rabbitohs,Knights,19,2026,Interchange,45:00,0,,0,8,57,19,4,0,0,0,0,0,7,0,4.41s,0,0,0,2,10,0.25,92.59,25,0,0,0,0,0,0,0,0,2,1,0,0,0,0,0,45:06,-
Jye Gray,Rabbitohs,Knights,19,2026,Interchange,64:00,1,63,4,9,102,14,3,1,0,0,0,4,0,0,3.9s,1,4,0,5,17,0.56,54.55,6,2,0,4,0,0,0,0,0,0,0,0,0,0,0,0,64:00,-
Latrell Siegwalt,Rabbitohs,Knights,19,2026,Reserve,-,0,,0,0,0,0,0,0,0,0,0,0,0,0,-,0,0,0,0,0,,,0,0,0,0,0,0,0,0,0,0,0,0,0,0,0,0,-,-
Kalyn Ponga,Knights,Rabbitohs,19,2026,Fullback,80:00,2,68;69,16,21,187,34,47,1,1,1,0,4,0,0,3.21s,2,17,0,24,49,1.14,75.0,6,2,0,5,5,114,0,4,1,3,2,0,0,0,0,0,80:00,-
Dominic Young,Knights,Rabbitohs,19,2026,Winger,80:00,1,33,4,18,150,35,0,1,0,0,0,6,0,0,3.67s,0,0,2,1,21,0.06,80.0,4,1,0,0,0,0,0,0,0,4,3,0,0,0,0,0,80:00,-
Dane Gagai,Knights,Rabbitohs,19,2026,Centre,80:00,0,,0,16,162,37,0,0,0,0,0,3,1,0,2.87s,0,0,3,10,21,0.63,66.67,12,6,0,0,1,8,1,0,1,0,0,1,0,0,0,0,80:00,-
Greg Marzhew,Knights,Rabbitohs,19,2026,Winger,44:00,0,,0,10,77,30,14,0,0,0,0,4,0,0,3.32s,0,0,0,1,13,0.1,100.0,1,0,0,0,1,17,0,0,1,2,1,0,0,0,0,0,43:37,-
Fletcher Sharpe,Knights,Rabbitohs,19,2026,Centre,80:00,0,,0,14,118,46,0,0,0,0,0,3,1,0,3.22s,1,12,1,13,23,0.93,78.57,22,3,0,0,0,0,0,0,0,1,1,0,0,0,0,0,80:00,-
Dylan Brown,Knights,Rabbitohs,19,2026,Halfback,80:00,0,,0,20,157,40,0,0,1,1,0,6,1,0,3.22s,0,0,3,56,77,2.8,90.91,20,2,0,0,8,190,2,2,0,2,2,0,0,0,0,0,80:00,-
Cody Hopwood,Knights,Rabbitohs,19,2026,Prop,32:00,0,,0,7,54,19,0,1,0,0,0,4,6,0,2.54s,0,0,1,1,7,0.14,96.15,25,0,0,0,0,0,0,0,0,0,0,0,0,0,0,0,23:20,09:00
Phoenix Crossland,Knights,Rabbitohs,19,2026,Hooker,80:00,0,,0,2,9,3,0,0,1,0,0,0,2,0,3.96s,0,0,0,62,64,31.0,88.89,56,7,0,0,0,0,0,0,0,0,0,1,0,0,0,0,80:00,-
Trey Mooney,Knights,Rabbitohs,19,2026,Prop,57:00,0,,0,15,170,47,61,0,0,0,0,4,11,0,3.37s,0,0,2,2,17,0.13,88.37,38,3,0,0,0,0,0,0,0,0,0,1,1,0,0,0,09:23,35:20
Dylan Lucas,Knights,Rabbitohs,19,2026,2nd Row,80:00,0,,0,17,159,69,0,0,0,1,0,5,17,0,2.99s,0,0,1,1,19,0.06,89.09,49,5,0,0,1,13,0,0,1,0,0,0,1,0,0,0,80:00,-
Mat Croker,Knights,Rabbitohs,19,2026,Lock,49:00,0,,0,11,108,33,0,0,0,0,0,1,9,0,2.46s,0,0,1,6,15,0.55,82.35,28,6,0,0,0,0,0,0,0,0,0,0,1,0,0,0,29:42,18:31
Sandon Smith,Knights,Rabbitohs,19,2026,Five-Eighth,80:00,0,,0,11,101,10,0,1,1,1,0,2,0,0,2s,0,0,2,72,79,6.55,83.33,20,4,0,0,3,84,0,1,0,0,0,0,0,0,0,0,80:00,-
Tyson Frizell,Knights,Rabbitohs,19,2026,Interchange,55:00,0,,0,11,107,42,0,0,0,0,0,0,10,0,2.82s,0,0,1,4,15,0.36,96.55,28,1,0,0,0,0,0,0,0,1,1,0,0,0,0,0,30:39,24:00
Lachlan Crouch,Knights,Rabbitohs,19,2026,Interchange,16:00,0,,0,6,44,13,0,1,0,0,0,2,6,0,3.51s,0,0,0,0,7,,94.12,16,0,0,0,0,0,0,0,0,1,0,1,0,0,0,0,15:58,-
Thomas Cant,Knights,Rabbitohs,19,2026,2nd Row,80:00,0,,0,12,74,37,0,0,0,0,0,2,12,0,2.98s,0,0,0,5,17,0.42,97.62,41,0,0,0,0,0,0,0,0,0,0,0,1,0,0,0,80:00,-
Harrison Graham,Knights,Rabbitohs,19,2026,Interchange,31:00,1,75,4,3,56,4,0,0,0,0,0,0,0,0,1.2s,2,18,0,42,45,14.0,96.97,32,1,0,0,0,0,0,0,0,0,1,0,0,0,0,0,26:15,05:32
Fletcher Hunt,Knights,Rabbitohs,19,2026,Interchange,36:00,0,,0,11,59,15,31,0,0,0,0,1,0,0,3.58s,0,0,1,3,13,0.27,100.0,2,0,0,2,0,0,0,0,0,0,0,0,0,0,0,0,36:00,-
Francis Manuleleua,Knights,Rabbitohs,19,2026,Reserve,-,0,,0,0,0,0,0,0,0,0,0,0,0,0,-,0,0,0,0,0,,,0,0,0,0,0,0,0,0,0,0,0,0,0,0,0,0,-,-
Jahream Bula,Wests Tigers,Warriors,19,2026,Fullback,80:00,0,,0,19,154,72,58,0,0,0,0,4,0,0,3.87s,0,0,0,13,37,0.68,88.89,8,1,0,2,0,0,0,0,0,3,3,0,0,0,0,0,80:00,-
Sunia Turuva,Wests Tigers,Warriors,19,2026,Winger,80:00,0,,0,16,127,39,45,0,0,0,0,1,2,0,4.03s,0,0,1,2,18,0.13,75.0,3,0,1,0,0,0,0,0,0,0,0,1,0,0,0,0,80:00,-
Heamasi Makasini,Wests Tigers,Warriors,19,2026,Centre,80:00,0,,0,17,116,40,3,0,0,0,0,5,0,0,3.77s,0,0,3,6,23,0.35,70.59,12,5,0,1,0,0,0,0,0,1,1,0,0,0,0,0,80:00,-
Starford To'a,Wests Tigers,Warriors,19,2026,Centre,41:00,0,,0,5,36,11,0,1,0,0,0,4,1,0,4.37s,0,0,0,4,8,0.8,87.5,7,1,0,1,0,0,0,0,0,0,0,0,0,0,0,0,40:02,-
Jeral Skelton,Wests Tigers,Warriors,19,2026,Winger,80:00,0,,0,14,98,28,0,0,0,0,0,2,0,0,3.77s,0,0,0,0,16,,40.0,2,3,0,0,1,13,0,1,0,2,0,0,0,0,0,0,80:00,-
Jarome Luai,Wests Tigers,Warriors,19,2026,Five-Eighth,80:00,0,,0,10,83,10,0,1,1,0,0,2,0,0,5.04s,0,0,1,33,42,3.3,75.0,15,4,0,1,5,70,1,2,2,0,0,0,0,0,0,0,80:00,-
Adam Doueihi,Wests Tigers,Warriors,19,2026,Halfback,80:00,0,,2,10,76,30,0,0,0,1,0,2,0,0,4.01s,2,27,1,34,59,3.4,70.37,19,6,0,0,17,579,1,5,1,2,1,0,0,0,0,0,80:00,-
Terrell May,Wests Tigers,Warriors,19,2026,Prop,58:00,0,,0,11,75,19,0,0,0,0,0,2,11,0,3.87s,0,0,4,2,14,0.18,95.24,40,2,0,1,0,0,0,0,0,0,1,0,1,0,0,0,23:39,33:51
Josese Lanyon,Wests Tigers,Warriors,19,2026,Hooker,32:00,0,,0,1,6,1,0,0,0,0,0,0,1,0,4.6s,0,0,0,23,24,23.0,88.89,24,3,0,0,0,0,0,0,0,0,0,0,0,0,0,0,20:54,10:52
Bunty Afoa,Wests Tigers,Warriors,19,2026,Prop,39:00,0,,0,8,69,27,10,0,0,0,0,1,7,0,3.44s,0,0,0,0,9,,100.0,30,0,0,0,0,0,0,0,0,1,1,2,0,0,1,0,32:04,17:15
Samuela Fainu,Wests Tigers,Warriors,19,2026,2nd Row,46:00,1,26,4,10,60,27,0,0,0,0,0,2,10,0,3.88s,0,0,1,0,11,,94.44,17,0,0,0,0,0,0,0,0,0,0,1,0,0,0,0,46:09,-
Sione Fainu,Wests Tigers,Warriors,19,2026,2nd Row,69:00,0,,0,10,77,36,0,0,0,0,0,3,10,0,3.36s,0,0,1,0,10,,82.35,28,6,0,0,0,0,0,0,0,0,0,0,0,0,0,0,69:00,-
Alex Twal,Wests Tigers,Warriors,19,2026,Lock,63:00,0,,0,14,94,30,0,0,0,0,0,3,13,0,4.12s,0,0,1,9,24,0.64,95.35,41,1,0,0,0,0,0,0,0,0,0,0,0,0,0,0,62:45,-
Latu Fainu,Wests Tigers,Warriors,19,2026,Interchange,40:00,0,,0,6,60,33,0,0,0,0,0,2,1,0,3.82s,0,0,0,0,6,,81.25,13,2,0,0,0,0,0,0,0,0,0,0,0,0,0,0,40:00,-
Fonua Pole,Wests Tigers,Warriors,19,2026,Interchange,56:00,0,,0,16,164,69,0,0,0,0,0,3,16,0,3.44s,0,0,0,0,16,,92.86,26,2,0,0,0,0,0,0,0,0,0,0,0,0,0,0,56:00,-
Alex Seyfarth,Wests Tigers,Warriors,19,2026,Interchange,48:00,0,,0,8,43,19,0,0,0,0,0,2,8,0,3.09s,0,0,2,6,15,0.75,91.67,22,2,0,0,0,0,0,0,0,1,1,1,0,0,0,0,48:00,-
Tony Sukkar,Wests Tigers,Warriors,19,2026,Interchange,-,0,,0,0,0,0,0,0,0,0,0,0,0,0,-,0,0,0,0,0,,,0,0,0,0,0,0,0,0,0,0,0,0,0,0,0,0,-,-
Faaletino Tavana,Wests Tigers,Warriors,19,2026,Reserve,-,0,,0,0,0,0,0,0,0,0,0,0,0,0,-,0,0,0,0,0,,,0,0,0,0,0,0,0,0,0,0,0,0,0,0,0,0,-,-
Jared Haywood,Wests Tigers,Warriors,19,2026,Reserve,59:00,0,,0,3,27,3,0,0,1,0,0,0,1,0,3.44s,2,16,1,106,107,35.33,91.67,33,3,0,0,0,0,0,0,0,0,0,0,0,0,0,0,59:00,-
Taine Tuaupiki,Warriors,Wests Tigers,19,2026,Fullback,80:00,0,,0,19,213,30,132,1,0,0,0,3,1,0,3.48s,0,0,0,13,35,0.68,100.0,7,0,0,3,1,8,0,0,1,2,3,0,0,0,0,0,80:00,-
Charnze Nicoll-Klokstad,Warriors,Wests Tigers,19,2026,Winger,80:00,0,,0,14,141,44,3,1,0,0,0,2,1,0,3.74s,0,0,0,8,26,0.57,88.24,15,0,0,0,1,14,1,0,1,0,0,0,0,0,0,0,80:00,-
Ali Leiataua,Warriors,Wests Tigers,19,2026,Centre,80:00,1,16,4,12,148,35,0,2,1,0,0,5,0,0,2.95s,0,0,1,6,17,0.5,85.71,12,2,0,0,0,0,0,0,0,3,2,1,0,0,0,0,80:00,-
Adam Pompey,Warriors,Wests Tigers,19,2026,Centre,80:00,0,,2,12,120,42,0,1,3,2,0,2,0,0,3.52s,0,0,2,2,12,0.17,82.35,14,3,0,0,0,0,0,0,0,1,1,0,0,0,0,0,80:00,-
Alofiana Khan-Pereira,Warriors,Wests Tigers,19,2026,Winger,80:00,2,13;49,8,16,153,15,16,3,1,0,0,4,0,0,4.21s,0,0,0,3,19,0.19,60.0,3,2,0,0,1,0,0,0,1,0,0,2,0,0,0,0,80:00,-
Chanel Harris-Tavita,Warriors,Wests Tigers,19,2026,Five-Eighth,80:00,0,,6,3,20,7,0,0,1,1,0,0,1,0,4.45s,0,0,0,36,50,12.0,66.67,16,5,0,1,9,297,0,1,0,2,0,0,0,0,0,0,80:00,-
Te Maire Martin,Warriors,Wests Tigers,19,2026,Halfback,80:00,0,,0,11,94,8,0,0,4,1,0,3,0,0,4.28s,0,0,2,37,50,3.36,74.29,26,5,0,0,8,134,1,3,2,1,1,0,2,0,0,0,80:00,-
James Fisher-Harris,Warriors,Wests Tigers,19,2026,Prop,58:00,1,2,4,17,146,41,18,1,0,0,0,3,12,0,3.28s,0,0,0,6,20,0.35,86.49,32,4,0,0,0,0,0,0,0,1,1,0,2,0,0,0,22:30,35:03
Wayde Egan,Warriors,Wests Tigers,19,2026,Hooker,61:00,1,52,4,5,42,1,0,0,0,0,0,0,0,0,2.92s,4,24,0,89,91,17.8,88.1,37,2,0,0,0,0,0,0,0,0,0,1,0,0,0,0,60:51,-
Tanner Stowers-Smith,Warriors,Wests Tigers,19,2026,Prop,50:00,0,,0,14,132,49,32,0,0,0,0,2,10,0,3.35s,0,0,0,2,16,0.14,76.32,29,6,0,0,0,0,0,0,0,1,1,0,0,0,0,0,28:48,21:24
Leka Halasima,Warriors,Wests Tigers,19,2026,2nd Row,30:00,0,,0,5,94,16,0,1,0,0,0,2,5,0,2.75s,0,0,0,0,5,,85.71,12,1,0,0,0,0,0,0,0,0,0,1,1,0,0,0,30:28,-
Jacob Laban,Warriors,Wests Tigers,19,2026,2nd Row,80:00,0,,0,13,160,33,0,2,0,1,0,6,11,0,2.94s,0,0,0,6,19,0.46,89.74,35,3,0,2,0,0,0,0,0,2,2,0,1,0,0,0,80:00,-
Erin Clark,Warriors,Wests Tigers,19,2026,Lock,63:00,0,,0,19,159,56,0,0,1,1,0,1,15,0,3.65s,0,0,0,10,26,0.53,94.44,34,1,0,0,1,1,0,0,0,0,0,0,0,0,0,0,48:33,14:29
Sam Healey,Warriors,Wests Tigers,19,2026,Interchange,19:00,1,74,4,3,38,5,0,0,0,0,0,2,0,0,4.48s,2,18,0,18,21,6.0,93.33,14,1,0,0,0,0,0,0,0,0,0,0,0,0,0,0,19:00,-
Eddie Ieremia-Toeava,Warriors,Wests Tigers,19,2026,Interchange,51:00,0,,0,8,78,32,0,0,0,0,0,0,8,0,4.06s,0,0,0,3,12,0.38,89.74,35,3,0,0,0,0,0,0,0,2,2,0,0,0,0,0,51:00,-
Demitric Vaimauga,Warriors,Wests Tigers,19,2026,Interchange,43:00,0,,0,11,95,30,22,0,0,0,0,6,8,0,4.13s,0,0,0,6,17,0.55,95.24,20,0,0,1,0,0,0,0,0,1,2,0,0,0,0,0,33:00,10:03
Marata Niukore,Warriors,Wests Tigers,19,2026,Interchange,24:00,0,,0,4,37,17,0,0,0,0,0,0,4,0,2.93s,0,0,0,0,4,,92.31,12,0,0,0,0,0,0,0,0,0,0,0,0,0,0,0,24:00,-
Luke Metcalf,Warriors,Wests Tigers,19,2026,Reserve,-,0,,0,0,0,0,0,0,0,0,0,0,0,0,-,0,0,0,0,0,,,0,0,0,0,0,0,0,0,0,0,0,0,0,0,0,0,-,-
Luke Laulilii,Warriors,Wests Tigers,19,2026,Reserve,-,0,,0,0,0,0,0,0,0,0,0,0,0,0,-,0,0,0,0,0,,,0,0,0,0,0,0,0,0,0,0,0,0,0,0,0,0,-,-
Tom Trbojevic,Sea Eagles,Cowboys,19,2026,Fullback,82:00,0,,0,20,213,61,34,2,0,1,0,5,0,0,3.82s,0,0,1,16,32,0.8,60.0,3,1,0,1,0,0,0,0,0,0,0,1,0,0,0,0,82:00,-
Jason Saab,Sea Eagles,Cowboys,19,2026,Winger,82:00,2,16;65,8,14,125,28,6,1,0,0,0,1,0,0,4.55s,0,0,0,0,17,,100.0,4,0,0,5,0,0,0,0,0,0,0,0,0,0,0,0,82:00,-
Tolutau Koula,Sea Eagles,Cowboys,19,2026,Centre,82:00,0,,0,16,164,57,0,1,1,1,0,6,0,0,3.14s,0,0,0,5,19,0.31,71.43,10,3,0,0,0,0,0,0,0,2,1,1,1,0,0,0,82:00,-
Reuben Garrick,Sea Eagles,Cowboys,19,2026,Centre,82:00,0,,0,16,121,40,0,0,1,0,0,2,1,0,3.81s,0,0,2,2,18,0.13,78.57,11,3,1,0,0,0,0,0,0,2,1,0,0,0,0,0,82:00,-
Lehi Hopoate,Sea Eagles,Cowboys,19,2026,Winger,82:00,1,23,4,13,144,51,21,1,0,0,0,1,0,0,3.45s,0,0,0,9,24,0.69,75.0,12,2,0,2,0,0,0,0,0,1,1,1,1,0,0,0,82:00,-
Joey Walsh,Sea Eagles,Cowboys,19,2026,Five-Eighth,82:00,0,,0,12,88,32,0,0,2,0,0,2,0,0,4.33s,0,0,3,41,53,3.42,86.21,25,4,0,0,1,46,0,0,0,3,2,0,0,0,0,0,82:00,-
Jamal Fogarty,Sea Eagles,Cowboys,19,2026,Halfback,82:00,0,,2,6,30,3,0,0,0,1,0,2,0,0,2.82s,0,0,0,50,71,8.33,81.82,27,5,0,0,17,572,1,4,2,0,0,1,0,0,0,0,82:00,-
Taniela Paseka,Sea Eagles,Cowboys,19,2026,Prop,48:00,0,,0,12,114,50,31,0,0,0,0,1,9,0,4s,0,0,0,0,12,,86.21,25,1,0,0,0,0,0,0,0,1,1,0,1,0,0,0,24:52,22:51
Jake Simpkin,Sea Eagles,Cowboys,19,2026,Hooker,82:00,0,,0,4,31,12,0,0,0,0,0,0,0,0,3.96s,4,31,1,110,115,27.5,85.94,55,5,0,0,0,0,0,0,0,0,0,0,0,0,0,0,82:00,-
Kobe Hetherington,Sea Eagles,Cowboys,19,2026,Interchange,52:00,0,,0,12,93,46,0,0,0,0,0,1,12,0,3.22s,0,0,0,0,12,,90.48,38,2,0,0,0,0,0,0,0,0,0,0,1,0,0,0,36:34,15:50
Haumole Olakau'atu,Sea Eagles,Cowboys,19,2026,2nd Row,82:00,1,27,4,16,145,62,0,1,0,0,0,7,16,0,3.52s,0,0,1,2,18,0.13,78.79,26,5,0,0,0,0,0,0,0,1,1,0,0,0,0,0,82:00,-
Ben Trbojevic,Sea Eagles,Cowboys,19,2026,2nd Row,11:00,0,,0,0,0,0,0,0,0,0,0,0,0,0,-,0,0,0,1,1,,87.5,7,0,0,0,0,0,0,0,0,0,0,1,0,0,0,0,11:00,-
Jake Trbojevic,Sea Eagles,Cowboys,19,2026,Lock,82:00,0,,0,10,70,31,0,0,0,0,0,1,10,0,2.83s,0,0,0,11,23,1.1,89.58,43,1,0,0,1,0,0,0,1,1,0,0,1,0,0,0,82:00,-
Corey Waddell,Sea Eagles,Cowboys,19,2026,Interchange,21:00,0,,0,6,35,15,0,0,0,0,0,0,6,0,3.82s,0,0,0,0,6,,87.5,7,0,0,0,0,0,0,0,0,0,0,0,1,0,0,0,20:49,-
Nathan Brown,Sea Eagles,Cowboys,19,2026,Interchange,34:00,0,,0,14,108,32,13,0,0,0,0,0,9,0,4.11s,0,0,0,10,20,0.71,84.0,21,3,0,0,0,0,0,0,0,0,0,0,2,0,0,0,34:17,-
Ethan Bullemor,Sea Eagles,Cowboys,19,2026,Interchange,50:00,0,,0,9,84,37,0,0,0,0,0,1,9,0,3.4s,0,0,0,2,11,0.22,95.0,19,1,0,0,0,0,0,0,0,0,0,0,0,0,0,0,50:00,-
Simione Laiafi,Sea Eagles,Cowboys,19,2026,Prop,30:00,0,,0,8,67,31,0,0,0,0,0,0,8,0,3.61s,0,0,0,0,8,,93.75,15,1,0,0,0,0,0,0,0,0,0,0,0,0,0,0,15:39,13:57
Josh Feledy,Sea Eagles,Cowboys,19,2026,Reserve,-,0,,0,0,0,0,0,0,0,0,0,0,0,0,-,0,0,0,0,0,,,0,0,0,0,0,0,0,0,0,0,0,0,0,0,0,0,-,-
Nicholas Lenaz,Sea Eagles,Cowboys,19,2026,Reserve,-,0,,0,0,0,0,0,0,0,0,0,0,0,0,-,0,0,0,0,0,,,0,0,0,0,0,0,0,0,0,0,0,0,0,0,0,0,-,-
Scott Drinkwater,Cowboys,Sea Eagles,19,2026,Fullback,82:00,0,,1,20,163,29,86,0,1,1,0,5,0,0,3.66s,0,0,2,32,51,1.6,85.71,6,0,0,2,4,58,0,2,1,1,1,0,0,0,0,0,82:00,-
Braidon Burns,Cowboys,Sea Eagles,19,2026,Winger,82:00,2,58;68,8,24,209,75,44,2,0,0,0,10,3,0,4.2s,1,5,1,0,24,,83.33,5,1,0,1,0,0,0,0,0,1,0,2,0,0,0,0,82:00,-
Zac Laybutt,Cowboys,Sea Eagles,19,2026,Centre,82:00,0,,0,9,71,23,0,0,0,0,0,1,1,0,3.35s,0,0,0,3,10,0.33,68.18,15,5,0,0,0,0,0,0,0,0,1,0,0,0,0,0,82:00,-
Tom Chester,Cowboys,Sea Eagles,19,2026,Centre,82:00,1,9,4,18,162,53,0,1,0,0,0,1,1,0,3.16s,1,3,0,9,24,0.5,82.35,14,3,0,0,0,0,0,0,0,3,1,1,0,0,0,0,82:00,-
Murray Taulagi,Cowboys,Sea Eagles,19,2026,Winger,82:00,0,,0,15,110,42,0,0,0,0,0,3,2,0,3.62s,0,0,1,4,20,0.27,83.33,10,1,0,0,0,0,0,0,0,0,1,0,0,0,0,0,82:00,-
Jaxon Purdue,Cowboys,Sea Eagles,19,2026,Five-Eighth,82:00,0,,0,11,84,31,0,0,1,2,0,0,1,0,3.85s,1,11,1,45,58,4.09,85.71,30,4,0,0,2,24,0,1,1,0,0,0,2,0,0,0,82:00,-
Jake Clifford,Cowboys,Sea Eagles,19,2026,Halfback,82:00,0,,2,12,98,18,6,0,0,0,0,4,1,0,3.63s,0,0,2,23,42,1.92,75.0,12,2,0,0,9,277,1,3,0,3,2,1,0,0,0,0,82:00,-
Thomas Mikaele,Cowboys,Sea Eagles,19,2026,Prop,46:00,0,,0,14,129,38,36,0,0,0,0,1,10,0,3.23s,0,0,2,3,17,0.21,100.0,15,0,0,0,0,0,0,0,0,0,0,0,1,0,0,0,20:39,24:39
Reed Mahoney,Cowboys,Sea Eagles,19,2026,Hooker,60:00,0,,0,4,60,8,0,1,0,0,0,2,0,0,2.4s,3,53,0,81,86,20.25,86.49,32,4,0,0,3,51,1,0,1,0,0,2,0,1,0,0,59:52,-
Jason Taumalolo,Cowboys,Sea Eagles,19,2026,Prop,46:00,0,,0,14,134,51,5,0,0,0,0,3,12,0,3.74s,0,0,0,4,17,0.29,90.48,19,2,0,0,0,0,0,0,0,0,0,0,1,0,0,0,20:38,25:12
Heilum Luki,Cowboys,Sea Eagles,19,2026,2nd Row,82:00,0,,0,12,131,49,0,0,0,0,0,2,12,0,3.08s,0,0,0,0,12,,91.3,42,3,0,0,0,0,0,0,0,0,0,0,1,0,0,0,82:00,-
Jeremiah Nanai,Cowboys,Sea Eagles,19,2026,2nd Row,82:00,0,,0,11,100,50,0,0,0,0,0,4,11,0,3.67s,0,0,0,0,11,,92.59,25,2,0,0,0,0,0,0,0,0,0,0,0,0,0,0,82:00,-
Reuben Cotter,Cowboys,Sea Eagles,19,2026,Lock,59:00,1,77,4,11,87,41,0,0,0,0,0,0,11,0,3.89s,0,0,1,9,20,0.82,95.12,39,2,0,0,0,0,0,0,0,0,0,0,0,0,0,0,29:31,28:31
Soni Luke,Cowboys,Sea Eagles,19,2026,Interchange,22:00,0,,0,5,35,1,0,0,0,0,0,0,1,0,3.68s,3,22,0,37,40,7.4,92.86,13,0,0,0,1,21,0,0,1,0,0,0,0,0,0,0,22:00,-
Griffin Neame,Cowboys,Sea Eagles,19,2026,Interchange,36:00,0,,0,9,65,24,0,0,0,0,0,0,9,0,3.41s,0,0,0,1,11,0.11,96.43,27,1,0,1,0,0,0,0,0,1,1,0,0,0,0,0,36:42,-
Matthew Lodge,Cowboys,Sea Eagles,19,2026,Reserve,-,0,,0,0,0,0,0,0,0,0,0,0,0,0,-,0,0,0,0,0,,,0,0,0,0,0,0,0,0,0,0,0,0,0,0,0,0,-,-
Coen Hess,Cowboys,Sea Eagles,19,2026,Interchange,36:00,0,,0,7,55,21,14,0,0,0,0,0,5,0,3.32s,0,0,1,2,8,0.29,96.67,29,0,0,0,0,0,0,0,0,1,1,0,0,0,0,0,36:10,-
Sam McIntyre,Cowboys,Sea Eagles,19,2026,Reserve,-,0,,0,0,0,0,0,0,0,0,0,0,0,0,-,0,0,0,0,0,,,0,0,0,0,0,0,0,0,0,0,0,0,0,0,0,0,-,-
John Bateman,Cowboys,Sea Eagles,19,2026,Interchange,23:00,0,,0,8,76,29,0,0,0,0,0,1,8,0,3.45s,0,0,2,1,9,0.13,100.0,14,0,0,0,0,0,0,0,0,0,0,0,0,0,0,0,23:58,-
